model,architecture,scheme,size_gb,tps,ttft_ms,perplexity
Llama-3.2-1B-Instruct,Decoder-Only,W8A8,1.41,,,
Llama-3.2-1B-Instruct,Decoder-Only,W4A16,0.97,,,
Llama-3.2-1B-Instruct,Decoder-Only,FP8,1.41,,,
Llama-3.2-1B-Instruct,Decoder-Only,NVFP4,1.02,,,
deepseek-moe-16b-chat,MoE (DeepSeek),Baseline,,,,29.80
deepseek-moe-16b-chat,MoE (DeepSeek),W8A8,,5529.9,103.1,29.70
deepseek-moe-16b-chat,MoE (DeepSeek),W4A16,,6322.3,87.2,32.56
deepseek-moe-16b-chat,MoE (DeepSeek),FP8,,7014.9,115.9,30.32
deepseek-moe-16b-chat,MoE (DeepSeek),NVFP4,,5167.5,94.3,30.87
